names,gender
Александр,m
Сергей,m
Владимир,m
Андрей,m
Алексей,m
Дмитрий,m
Елена,f
Татьяна,f
Евгений,m
Николай,m
Наталья,f
Ольга,f
Юрий,m
Игорь,m
Михаил,m
Ирина,f
Виктор,m
Светлана,f
Олег,m
Валерий,m
Анатолий,m
Людмила,f
Галина,f
Павел,m
Иван,m
Максим,m
Марина,f
Анна,f
Вячеслав,m
Юлия,f
Валентина,f
Денис,m
Роман,m
Екатерина,f
Константин,m
Надежда,f
Виталий,m
Василий,m
Мария,f
Любовь,f
Геннадий,m
Антон,m
Вадим,m
Нина,f
Оксана,f
Лариса,f
Илья,m
Анастасия,f
Борис,m
Руслан,m
Станислав,m
Владислав,m
Вера,f
Петр,m
Леонид,m
Артем,m
Наталия,f
Евгения,f
Эдуард,m
Тамара,f
Виктория,f
Кирилл,m
Александра,f
Лидия,f
Григорий,m
Георгий,m
Артур,m
Валентин,m
Алла,f
Никита,m
Инна,f
Раиса,f
Лилия,f
Маргарита,f
Ксения,f
Марат,m
Олеся,f
Дарья,f
Альберт,m
Антонина,f
Федор,m
Зинаида,f
Яна,f
Тимур,m
Кристина,f
Егор,m
Жанна,f
Зоя,f
Аркадий,m
Рустам,m
Алена,f
Ринат,m
Артём,m
Альбина,f
Алина,f
Эльвира,f
Лев,m
Магомед,m
Елизавета,f
Валерия,f
Ильдар,m
Степан,m
Вероника,f
Ярослав,m
Рамиль,m
Даниил,m
Семен,m
А.,m
Полина,f
Алевтина,f
Диана,f
Римма,f
Шамиль,m
Герман,m
Анжелика,f
Яков,m
Роберт,m
Алёна,f
Радик,m
Данил,m
Дамир,m
Рустем,m
Наиль,m
Айрат,m
Тимофей,m
Армен,m
Глеб,m
Равиль,m
Давид,m
Арсен,m
Роза,f
Гульнара,f
Клавдия,f
Анжела,f
Ренат,m
Марк,m
Таисия,f
Рашид,m
Софья,f
Азат,m
Альфия,f
Дина,f
Карина,f
Рафаэль,m
Эльмира,f
Нелли,f
Карен,m
Аслан,m
Ангелина,f
Венера,f
Али,m
Ян,m
Айдар,m
Инга,f
Мурат,m
Ахмед,m
Вениамин,m
Евдокия,f
Эльдар,m
Ираида,f
Ульяна,f
Святослав,m
Майя,f
Регина,f
Ашот,m
Ильяс,m
Филипп,m
Самвел,m
Марианна,f
Фарит,m
Варвара,f
Ибрагим,m
Булат,m
Феликс,m
Марсель,m
Всеволод,m
Гузель,f
Мадина,f
Камиль,m
Азамат,m
Тарас,m
Наиля,f
Рафик,m
Зульфия,f
Богдан,m
Ильнур,m
Элина,f
Инесса,f
Ильшат,m
Данила,m
Рамазан,m
Раис,m
Мурад,m
Заур,m
Фатима,f
Алмаз,m
Родион,m
Алиса,f
Рашит,m
Салават,m
Н.,m
Айгуль,f
Фарид,m
Эмиль,m
Лиана,f
Фаина,f
Ильгиз,m
Ирек,m
Тигран,m
Тагир,m
Матвей,m
Пётр,m
Ростислав,m
Элла,f
Элеонора,f
Ришат,m
София,f
Арсений,m
Ислам,m
Арина,f
Алан,m
Амир,m
Луиза,f
Ильдус,m
Анвар,m
Алия,f
Адам,m
Рита,f
Алсу,f
Алик,m
Хасан,m
Динара,f
Арам,m
Виолетта,f
Эмма,f
Снежана,f
Мансур,m
Иосиф,m
Фарида,f
Рубен,m
Муса,m
Патимат,f
Расул,m
Галия,f
Фанис,m
Казбек,m
Левон,m
Гагик,m
Ленар,m
Арман,m
Ефим,m
Динар,m
Сурен,m
Рудольф,m
Раиль,m
Илона,f
Тахир,m
Исмаил,m
Расим,m
Рафаил,m
Анзор,m
Марс,m
Алеся,f
Лейла,f
Кира,f
Рафис,m
Ю.,m
Султан,m
Аида,f
Фёдор,m
Эдгар,m
Зураб,m
Л.,f
Эрик,m
Гульназ,f
Иннокентий,m
Захар,m
Янина,f
Геворг,m
Зарема,f
Семён,m
Клара,f
Лада,f
Эльза,f
Андраник,m
Пелагея,f
Вардан,m
Алим,m
Эрнест,m
Иса,m
Залина,f
Артемий,m
Арутюн,m
Владлен,m
Мухамед,m
Рауф,m
Зухра,f
Лия,f
Аминат,f
Нурия,f
Рушан,m
Баир,m
Рим,m
Юсуп,m
Умар,m
Диляра,f
Зуфар,m
Ильнар,m
Розалия,f
Рамис,m
Лена,f
Неля,f
Асия,f
Рафаиль,m
Люция,f
Артак,m
Сусанна,f
Спартак,m
Гарик,m
Алефтина,f
Т.,f
Лина,f
Рифат,m
Фаниль,m
Муслим,m
Эмилия,f
Альфред,m
Резеда,f
Ася,f
Сания,f
Алишер,m
Серафима,f
Афанасий,m
Талгат,m
Нариман,m
Зарина,f
Оганес,m
Лейсан,f
Айнур,m
Флюра,f
Марьям,f
Назим,m
Нонна,f
Рамиля,f
Нияз,m
Саид,m
Юлиана,f
Антонида,f
Гаджи,m
Арслан,m
Ахмет,m
Анаит,f
Асият,m
Гасан,m
Илдар,m
Сулейман,m
Прасковья,f
Рамзия,f
Анар,m
Сапарбек,m
Сослан,m
Адель,m
Саркис,m
Каринэ,f
Сабина,f
Омар,m
Аскар,m
Рамиз,m
Беслан,m
Ильфат,m
Нелля,f
Акоп,m
Риф,m
Рима,f
Асланбек,m
Карине,f
Асхат,m
Эвелина,f
Искандер,m
Махмуд,m
Абдулла,m
Милана,f
Гамлет,m
Фания,f
Магомет,m
Идрис,m
Курбан,m
Зиля,f
Василиса,f
Земфира,f
Гаяне,f
Айшат,f
Гурген,m
Вахтанг,m
Алихан,m
Гюзель,f
Заурбек,m
Осман,m
Гузалия,f
Джамиля,f
Мустафа,m
Магомедрасул,m
Стелла,f
Ильмир,m
Энвер,m
Самир,m
Араик,m
Генрих,m
Тамерлан,m
Гульшат,f
Рустэм,m
Ризван,m
Альмира,f
Гайк,m
Ильмира,f
Данис,m
Линар,m
Марьяна,f
Таймураз,m
Арарат,m
Гаврил,m
Аскер,m
Индира,f
Ара,f
Григор,m
Леван,m
Генадий,m
Вагиф,m
Малик,m
Саида,f
Ваган,m
Рамзан,m
Сабир,m
Таиса,f
Камо,m
Мухтар,m
Танзиля,f
Юлий,m
Лаура,f
Ильсур,m
Хадижат,u
Рамил,m
Гусейн,m
Дания,f
Мирослав,m
Влада,f
Теймураз,m
Гульфия,f
Эльчин,m
Сейран,m
Ровшан,m
Ариф,m
Рената,f
Бахтияр,m
Надир,m
Камил,m
Вугар,m
Закир,m
Рузанна,f
Ильгам,m
Эдвард,m
Анфиса,f
Димитрий,m
Заира,f
Азиз,m
Юнус,m
Фаиль,m
Арнольд,m
Эмин,m
Азер,m
Эльбрус,m
Наира,f
Ева,f
Замир,m
Фархад,m
Руфина,f
Вартан,m
Абдула,m
Милена,f
Гаджимурад,m
Хамит,m
Малика,f
Миляуша,f
Мартин,m
Тенгиз,m
Айдын,m
Игнат,m
Хачатур,m
Хамзат,m
Шухрат,m
Ваха,m
Ильгар,m
Айк,m
Макар,m
Венер,m
Леонтий,m
Марта,f
Амина,f
Абдурахман,m
Ким,m
Нэлли,f
Аниса,f
Урал,m
Нинель,m
Радмир,m
Ираклий,m
Лусине,f
Эдик,m
Хусейн,m
Румия,f
Салман,m
Наил,m
Назир,m
Ильхам,m
Аксана,f
Гульсина,f
Ляйсан,f
Гарегин,m
Зелимхан,m
Изабелла,f
Белла,f
Халил,m
Флюр,m
Шавкат,m
Владислава,f
Грант,m
Батор,m
Темур,m
Нэля,f
Рифкат,m
Низами,m
Норайр,m
Карим,m
Теймур,m
Нарине,f
Матрена,f
Валериан,m
Василь,m
Башир,m
Злата,f
Гарри,m
Асмик,f
Рашида,f
Нурлан,m
Василина,f
Якуб,m
Геворк,m
Саргис,m
Гульнур,f
Назар,m
Ильназ,m
Мгер,m
Рузалия,f
Ярослава,f
Размик,m
Радий,m
Ильгизар,m
Расима,f
Хава,f
Тельман,m
Альфира,f
Марине,f
Лилиана,f
Дарима,f
Мунир,m
Усман,m
Чингиз,m
Руслана,f
Янис,m
Вита,f
Гарник,m
Эльшан,m
Арташес,m
Харис,m
Эльман,m
Ия,f
Александp,m
Ирма,f
Виль,m
Владилен,m
Гаянэ,f
Гор,m
Шамил,m
Фуад,m
Самат,m
Бахтиёр,m
Автандил,m
Дарина,f
Шахин,m
Бронислав,m
Эльвина,f
Раушания,f
Серафим,m
Армине,f
Вазген,m
Мира,f
Рамин,m
Халит,m
Халида,f
Тамаз,m
Равиля,f
Таисья,f
Салим,m
Андриан,m
Ирик,m
Манвел,m
Ахмат,m
Аршак,m
Аза,f
Гиви,m
Юсуф,m
Ваге,m
Надия,f
Лилит,m
Ануш,m
Эльхан,m
Лира,f
Рауза,f
Раиф,m
Владлена,f
Джабраил,m
Алибек,m
Гюльнара,f
Владимиp,m
Алий,m
Карапет,m
Анас,m
Фатимат,f
Дария,f
Акиф,m
Иршат,m
Джамал,m
Нарек,m
Хайдар,m
Вахид,m
Мая,f
Эльмир,m
Гоар,f
Санал,m
Камилла,f
Сеpгей,m
Лиля,f
Замира,f
Мамед,m
Эллина,f
Эльнур,m
Ида,f
Данияр,m
Гамзат,m
Оганнес,m
Микаил,m
Мерген,m
Гегам,m
Овик,m
Ляля,f
Мехман,m
Сюзанна,f
Резида,f
Анжелла,f
Демьян,m
Салих,m
Жаргал,m
Ахмад,m
Володя,m
Хачик,m
Катерина,f
Батыр,m
Капитолина,f
Серик,m
Савелий,m
Радион,m
Асламбек,m
Арменак,m
Тофик,m
Саргылана,f
Гоча,m
Имран,m
Ваграм,m
Амиран,m
Руфат,m
Гурам,m
Хамид,m
Тамила,f
Рушания,f
Каролина,f
Равшан,m
Найля,f
Чингис,m
Мариам,f
Бэлла,f
Тихон,m
Прокопий,m
Айна,f
Рафкат,m
Камила,f
Видади,m
Марфа,f
Дилшод,m
Натиг,m
Юрик,m
Валерьян,m
Фируза,f
Илшат,m
Августа,f
Абубакар,m
Капиталина,f
Зайтуна,f
Зульфира,f
Симон,m
Ахат,m
Юлиан,m
Искандар,m
Аделя,f
Герасим,m
Рашад,m
Айсылу,f
Наида,f
Христина,f
Мусса,m
Вачаган,m
Газинур,m
Ваагн,m
Мирон,m
Шакир,m
Файруза,f
Эрнст,m
Улугбек,m
Рустям,m
Жан,m
Раиля,f
Бадри,m
Славик,m
Нана,f
Заза,m
Адольф,m
Разия,f
Илгар,m
Назира,f
Юсиф,m
Лолита,f
Илдус,m
Яшар,m
Ира,f
Мкртич,m
Туяна,f
Виталия,f
Карлен,m
Лиза,f
Мубариз,m
Радмила,f
Махир,m
Арамаис,m
Тамази,m
Асиф,m
Чулпан,m
Халид,m
Илхам,m
Варужан,m
Мамука,m
Лола,f
Зиннур,m
Мераб,m
Джульетта,f
Вильдан,m
Сардана,f
Орхан,u
Норик,m
Хусен,m
Раджаб,m
Эльмар,m
Магамед,m
Шота,m
Аким,m
Мхитар,m
Октябрина,f
Абакар,m
Мушег,m
Альвина,f
Клим,m
Махач,m
Адиль,m
Микаел,m
Керим,m
Нино,f
Реваз,m
Платон,m
Насима,f
Гела,m
Рада,f
Фарход,m
Гульмира,f
Камал,m
Даниэль,m
Рауль,m
Абдул,m
Рафиль,m
Джамбулат,m
Мехмет,m
Джавид,m
Эльшад,m
Леся,f
Кайрат,m
Рахим,m
Рафаел,m
Раисат,f
Сагит,m
Аделина,f
Седа,f
Парвиз,m
Кадрия,f
Зара,f
Карэн,m
Ани,f
Дилара,f
Фаррух,m
Равил,m
Бекхан,m
Разиля,f
Радиф,m
Баграт,m
Магомедгаджи,m
Наргиза,f
Кузьма,m
Махмут,m
Давит,m
Азад,m
Нафиса,f
Ерванд,m
Ратмир,m
Рудик,m
Намиг,m
Бэла,f
Физули,m
Стефан,m
Эльнара,f
Леон,m
Станислава,f
Василя,f
Фанил,m
Джейхун,m
Арзу,f
Сария,f
Гумар,m
Альмир,m
Лида,f
Эркин,m
Зиновий,m
Гавриил,m
Хабиб,m
Снежанна,f
Магомедали,m
Юлай,m
Радислав,m
Мирослава,f
Мераби,m
Ландыш,f
Илларион,m
Ион,m
Гульчачак,f
Вусал,u
Гаяз,m
Аветик,m
Зафар,m
Амин,m
Асет,m
Саян,m
Нил,m
Отари,m
Камран,m
Виталина,f
Петрос,m
Лазарь,m
Сахиб,m
Рузиля,f
Арби,m
Вагиз,m
Вилен,m
Фаиг,m
Элиза,f
Андроник,m
Аюб,m
Серго,m
Меружан,m
Асан,m
Фархат,m
Гулия,f
Ансар,m
Рахман,m
Зинур,m
Изольда,f
Чермен,m
Амирхан,m
Томас,m
Малхаз,m
Леонард,m
Акрам,m
Роланд,m
Дамира,f
Шалва,m
Турал,m
Алексан,m
Исаак,m
Севак,m
Ирена,f
Мунира,f
Оскар,m
Смбат,m
Аэлита,f
Нугзар,m
Вреж,m
Юлианна,f
Хамза,m
Батраз,m
Жора,m
Юнир,m
Мухадин,m
Андpей,m
Зайнаб,f
Халимат,f
Гафур,m
Залим,m
Касим,m
Джамиль,m
Анвер,m
Октай,m
Фирдаус,m
Нодар,m
Сеймур,m
Загир,m
Ишхан,m
Савва,m
Нурмагомед,m
Гия,m
Фидан,m
Лаврентий,m
Нвер,m
Завен,m
Гали,m
Сухроб,m
Бислан,m
Манана,f
Хизир,m
Нателла,f
Муаед,m
Наум,m
Зифа,f
Хасанби,m
Ван,m
Халим,m
Мирза,m
Эльвин,m
Зимфира,f
Лана,f
Илгиз,m
Хафиз,m
Моисей,m
Викентий,m
Залимхан,m
Абрам,m
Владимр,m
Шерзод,m
Алекс,m
Нодари,m
Рафиг,m
Баатр,m
Абдурашид,m
Нафис,m
Ефросинья,f
Мидхат,m
Раушан,m
Фикрет,m
Фагим,m
Мударис,m
Марлен,m
Мариана,f
Гульфира,f
Маис,m
Амаяк,m
Назия,f
Багаудин,m
Саяна,f
Лейля,f
Хуршед,m
Намик,m
Адлан,m
Араз,m
Гульнар,f
Амбарцум,m
Сервер,m
Хаким,m
Расуль,m
Расих,m
Ханиф,m
Анаида,f
Баходир,m
Елисей,m
Нерсес,m
Наби,m
Байрам,m
Ваник,m
Бадма,m
Фуат,m
Эрика,f
Ралиф,m
Адил,m
Акмал,m
Дауд,m
Мухаммад,m
Артуш,m
Давыд,m
Рагим,m
Арсентий,m
Важа,m
Исса,m
Грайр,m
Альфир,m
Флюза,f
Ранис,m
Демид,m
Тариел,m
Мохаммад,u
Hиколай,m
Винер,m
Любомир,m
Макка,f
Флора,f
Инсаф,m
Павлина,f
Агаси,m
Ален,m
Паата,m
Айталина,f
Андриян,m
Рая,f
Тереза,f
Христофор,m
Бато,m
Сережа,m
Ника,f
Ен,m
Разиф,m
Самсон,m
Ованес,m
Ада,f
Шахбан,m
Зарета,f
Эльвир,m
Фируз,m
Артавазд,m
Райса,f
Лева,m
Сара,f
Фануза,f
Иванна,f
Трофим,m
Юpий,m
Нурбек,m
Васил,m
Нурислам,m
Гамид,m
Дана,f
Валерик,m
Фатих,m
Алдар,m
Айвар,m
Казим,m
Каро,m
Соня,f
Арменуи,f
Анджела,f
Даниял,m
Виген,m
Азрет,m
Миша,m
Коба,m
Карл,m
Билал,m
Сталина,f
Климентий,m
Аяз,m
Этибар,m
Габил,m
Гульсум,f
Рида,f
Мовсар,m
Мариям,f
Салима,f
Хизри,m
Мурадин,m
Мери,f
Диля,f
Фаузия,f
Зина,f
Нона,f
Винера,f
Алесандр,m
Лечи,m
Темирлан,m
Айдер,m
Адиля,f
Джамшед,m
Айслу,f
Амалия,f
Музаффар,m
Муртазали,m
Рузана,f
Генрик,m
Мамикон,m
Владик,m
Ильсияр,f
Вэй,u
Ринад,m
Гриша,m
Гузаль,f
Фидаиль,m
Гарий,m
Грачья,m
Зульфат,m
Флера,f
Петимат,f
Манук,m
Аветис,m
Овсеп,m
Мадинат,f
Бахтиер,m
Фларит,m
Аревик,f
Сакинат,f
Рубик,m
Шамсудин,m
Нуне,f
Рена,f
Таир,m
Агафья,f
Сусана,f
Ирада,f
Зариф,m
Исмагил,m
Джемал,m
Кахабер,m
Эмир,m
Ризида,f
Мисак,m
Сауле,f
Виолета,f
Роксана,f
Рузиль,m
Загит,m
Анис,m
Гумер,m
Кристине,f
Захид,m
Айказ,m
Айнура,f
Гузяль,f
Суфия,f
Разина,f
Игоpь,m
Исхак,m
Ляйля,f
Саак,m
Жанетта,f
Вагаршак,m
Радис,m
Феруза,f
Фоат,m
Сирануш,f
Лала,f
Бахром,m
Васиф,m
Гусен,m
Фаргат,m
Акулина,f
Татевик,f
Сона,f
Грачик,m
Далер,m
Сос,m
Фанур,m
Гурами,m
Ахсарбек,m
Анастас,m
Гелена,f
Вахит,m
Бахрам,m
Райля,f
Апти,m
Яхья,m
Валид,m
Лали,f
Доржи,m
Зинфира,f
Ермек,m
Фариз,m
Люся,f
Сасун,m
Фуркат,m
Айбек,m
Солтан,m
Анита,f
Гузелия,f
Эдем,m
Ляна,f
Игнатий,m
Нурулла,m
Дилявер,m
Темури,m
Мелик,m
Альфрит,m
Галим,m
Илхом,m
Нэлля,f
Асхаб,m
Алмас,m
Якоб,m
Саният,f
Рина,f
Шаукат,m
Хамзя,m
Лора,f
Самуил,m
Зорикто,m
Очир,m
Виктоp,m
Юрис,m
Ирэна,f
Эрдни,m
Вилена,f
Нажмудин,m
Фаил,m
Вараздат,m
Инал,m
Шаген,m
Эллада,f
Газимагомед,m
Тарлан,m
Ярославна,f
Валех,m
Рукият,f
Отабек,m
Ильвира,f
Асель,f
Этери,f
Флорид,m
Афган,m
Анжелина,f
Кемал,m
Марет,f
Халиль,m
Эрдэм,m
Фаиз,m
Даниль,m
Милан,m
Орлан,m
Ленур,m
Глафира,f
Рафит,m
Ильсия,f
Сабит,m
Джаваншир,m
Разият,f
Отар,m
Ильвир,m
Олимпиада,f
Вальтер,m
Натэлла,f
Агния,f
Виссарион,m
Муза,f
Райхана,f
Зайнап,f
Омари,m
Забир,m
Равза,f
Иветта,f
Мухарбек,m
Санан,m
Людвиг,m
Эрна,f
Нургали,m
Ахтям,m
Борислав,m
Неонила,f
Айса,m
Раил,m
Фазил,m
Вагинак,m
Фрида,f
Мила,f
Сэсэгма,f
Севиль,f
Соломон,m
Фаяз,m
Гусман,m
Эржена,f
Натела,f
Климент,m
Амангельды,u
Фахраддин,m
Аюна,f
Эльзара,f
Нажия,f
Месроп,m
Мнацакан,m
Оюна,f
Самира,f
Барият,f
Тина,f
Аднан,m
Аюр,m
Ритта,f
Дим,m
Аршалуйс,m
Мохамед,m
Наринэ,f
Марита,f
Джон,m
Хаджимурат,m
Нурали,m
Нальбий,m
Альфина,f
Лайла,f
Жирайр,m
Талех,m
Фярит,m
Александ,m
Акоб,m
Айзат,m
Шушаник,f
Фирдавис,m
Залия,f
Азим,m
Джафар,m
Альфинур,f
Мартирос,m
Абдулгамид,m
Жаннета,f
Антонио,m
Магомедхабиб,m
Шерали,m
Арон,m
Назиф,m
Хусаин,m
Шариф,m
Флорида,f
Арчил,m
Ромик,m
Рабадан,m
Фирая,f
Вакиль,m
Хетаг,m
Муслимат,f
Юра,m
Азизбек,m
Алиасхаб,m
Августина,f
Сафар,m
Нурбий,m
Ерлан,m
Наргиз,m
Исраил,m
Филюс,m
Динис,m
Севда,f
Мальвина,f
Салех,m
Влас,m
Степанида,f
Ильфир,m
Бауржан,m
Бабкен,m
Кнарик,f
Фарман,m
Фаик,m
Ойбек,m
Марем,f
Аббас,m
Рафаэл,m
Аксинья,f
Спиридон,m
Мовсес,m
Генриетта,f
Дмитpий,m
Сима,f
Максат,m
Акбар,m
Казимир,m
Рамаз,m
Сурик,m
Паша,m
Илнур,m
Азиза,f
Вали,m
Ацамаз,m
Дильбар,m
Аурика,f
Зураби,m
Рифгат,m
Ричард,m
Магомедсаид,m
Рахима,f
Галиб,m
Айбулат,m
Майрбек,m
Никифор,m
Фаат,m
Фирдавс,m
Наири,m
Расиль,m
Раян,m
Исак,m
Ульфат,m
Зулфия,f
Арен,m
Сатеник,f
Астемир,m
Равия,f
Даниел,m
Азалия,f
Фердинанд,m
Закия,f
Канат,m
Вардгес,m
Радомир,m
Ахнаф,m
Руфия,f
Александер,m
Рахиля,f
Мирлан,m
Маржанат,f
Маирбек,m
Хадис,m
Седрак,m
Лема,m
Валеpий,m
Варис,m
Хорен,m
Анисья,f
Люба,f
Хагани,m
Нигора,f
Гнел,m
Ли,u
Марзия,f
Саламбек,m
Гаджимагомед,m
Исрапил,m
Андреас,m
Далгат,m
Джалал,m
Мурман,m
Цырен,m
Аграфена,f
Лом-Али,m
Насим,m
Линара,f
Раида,f
Аглая,f
Хаваж,m
Яха,f
Севиндж,u
Баходур,m
Франц,m
Хазрет,m
Крестина,f
Максут,m
Баирма,f
Давуд,m
Интигам,m
Риза,m
Хайбула,m
Айман,m
Арсалан,m
Магомедкамиль,m
Мазахир,m
Александрович,m
Собиржон,m
Хеди,f
Ануар,m
Нураддин,m
Рефат,m
Натик,m
Таслима,f
Ванда,f
Корюн,m
Абдулазиз,m
Савия,f
Эсет,f
Абу,m
Ержан,m
Никола,m
Натан,m
Минас,m
Заки,m
Лаша,m
Витаутас,m
Ибрахим,m
Альбек,m
Юсеф,m
Назип,m
Эндже,f
Шевкет,m
Ауес,m
Рамзиль,m
Алтынай,m
Зоригто,m
Алана,f
Гайдар,m
Шамхан,m
Хусей,m
Динислам,m
Сильва,f
Орест,m
Анушаван,m
Мигран,m
Маринэ,f
Амур,m
Сардар,m
Шарип,m
Увайс,m
Фанзиль,m
Шолбан,m
Тофиг,m
Лерник,m
Джалиль,m
Янош,m
Фирдус,m
Назиля,f
Эйваз,m
Иракли,m
Ряшит,m
Вильгельм,m
Бахруз,m
Абдумалик,m
Нурания,f
Рашат,m
Арюна,f
Буян,m
Фиргат,m
Талия,f
Дионис,m
Иман,m
Бактыбек,m
Элгуджа,m
Радж,m
Петер,m
Марко,m
Абай,m
Марьян,m
Анаид,f
Фридрих,m
Светослав,m
Георг,m
Минзиля,f
Апполинария,f
Макс,m
Сосо,m
Джамалудин,m
Урана,f
Мушфиг,m
Агарон,m
Мстислав,m
Савр,m
Нурдин,m
Мингиян,m
Асгат,m
Асылбек,m
Пантелей,m
Рафил,m
Зура,f
Анисия,f
Аяна,f
Масис,m
Икрам,m
Максуд,m
Алаудин,m
Инара,f
Прохор,m
Кирил,m
Зограб,m
Заури,m
Илгам,m
Тохир,m
Тхи,u
Газиз,m
Парасковья,f
Грач,m
Марха,f
Вильям,m
Мехти,m
Алтынбек,m
Аяс,m
Зугра,f
Рафаель,m
Зулейха,f
Ленара,f
Асаф,m
Лили,f
Гиорги,m
Камиля,f
Сержик,m
Хаджимурад,m
Хеда,f
Ядвига,f
Багаутдин,m
Нур,m
Хачим,m
Мариет,f
Юн,m
Ирфан,m
Джалил,m
Магомедсалам,m
Арусяк,f
Хатуна,f
Джамалутдин,m
Полад,m
Погос,m
Солбон,m
Новруз,m
Микаэл,m
Астхик,f
Гулнора,f
Эльданиз,m
Эскендер,m
Вячислав,m
Илсур,m
Абдуллах,m
Элдар,m
Тарон,m
Хвича,m
Ислям,m
Тахмина,f
Таус,m
Лера,f
Кадир,m
Захир,m
Гульнора,f
Георги,m
Нугзари,m
Наташа,f
Сакина,f
Каплан,m
Сабухи,m
Саша,f
Габдулла,m
Жанат,m
Нагим,m
Бесик,m
Александрс,m
Маина,f
Равис,m
Насир,m
Масхут,m
Михайл,m
Магомедзагир,m
Агван,m
Ариадна,f
Бакытбек,m
Андрис,m
Болат,m
Лука,m
Уланбек,m
Саид-Магомед,m
Фазиль,m
Гайса,m
Шабан,m
Байрта,f
Энже,f
Митрофан,m
Муроджон,m
Берта,f
Аля,f
Кермен,m
Гиоргий,m
Мухарби,m
Ильфар,m
Федосья,f
Меджид,m
Насиба,f
Азнаур,m
Зорик,m
Грачя,m
Нуржан,m
Леля,f
Нюргуяна,f
Хамис,m
Асим,m
Гульсара,f
Саит,m
Написат,f
Ниджат,m
Заурби,m
Джавад,m
Тамирлан,m
Ильгиза,f
Бабек,m
Вазир,m
Татул,m
Айдамир,m
Марета,f
Гарун,m
Аян,m
Гулнара,f
Жорж,m
Арег,m
Мохамад,m
Андрюс,m
Галуст,m
Альфат,m
Рифхат,m
Аршавир,m
Эльнар,m
Самед,m
Жахонгир,m
Слава,f
Алек,m
Адалат,m
Вольдемар,m
Алвард,f
Юля,f
Абдурахим,m
Фахриддин,m
Мухамет,m
Аделия,f
Нури,m
Халима,f
Дора,f
Владиимр,m
Калимат,f
Одиссей,m
Агил,m
Сарвар,m
Женя,f
Каха,m
Галимзян,m
Владимирович,m
Жанета,f
Линиза,f
Тумэн,m
Санжар,m
Разим,m
Андзор,m
Мухаммед,m
Анджей,m
Гидаят,m
Федора,f
Вальдемар,m
Эсмира,f
Анета,f
Ролан,m
Рубин,m
Кристиан,m
Нэлла,f
Фамил,m
Даут,m
Абдусалам,m
Алигаджи,m
Разиль,m
Арцрун,m
Айана,f
Магсум,m
Радим,m
Ин,m
Егише,m
Ханлар,m
Аркади,m
Данир,m
Мартик,m
Якуп,m
Чодураа,f
Есения,f
Дан,m
Альви,m
Гурий,m
Я.,m
Гурбан,m
Зера,f
Танзила,f
Айсен,m
Кумар,m
Илез,m
Ширин,m
Кетеван,f
Насиб,m
Манушак,f
Ефрем,m
Гайрат,m
Магомедтагир,m
Оник,m
Айше,f
Магеррам,m
Элчин,m
Арзуман,m
Эдита,f
Фаридун,m
Илфат,m
Латиф,m
Рихард,m
Гордей,m
Федот,m
Даши,m
Фидель,m
Бурлият,f
Абас,m
Галимат,f
Айша,f
Янна,f
Иоланта,f
Зарима,f
Анара,f
Талантбек,m
Селим,m
Антоний,m
Линда,f
Эрвин,m
Алмазбек,m
Фикрат,m
Райхан,m
Раися,f
Майкл,u
Арпине,f
Абузар,m
Разида,f
Залифа,f
Гульгена,f
Эльвера,f
Гоарик,f
Исрафил,m
Сафия,f
Абдулкадыр,m
Агнесса,f
Адриан,m
Иляна,f
Аладдин,m
Сархан,m
Моника,f
Вачик,m
Ашхен,f
Рачик,m
Фавзия,f
Муртаз,m
Явдат,m
Надыр,m
Илькин,m
Рузаль,m
Айжан,m
Нурулло,m
Абдурахмон,m
Мунко,m
Минзифа,f
Хаджи-Мурат,m
Дилфуза,f
Галимжан,m
Донат,m
Матлаб,m
Элмира,f
Байзет,m
Баярма,f
Леонора,f
Вардуи,f
Марис,m
Жамиля,f
Мазит,m
Магдалина,f
Джони,m
Лианна,f
Кадыр,m
Нора,f
Наран,m
Зумруд,f
Медина,f
Санасар,m
Арут,m
Хассан,u
Тальгат,m
Илюза,f
Абдулкерим,m
Олесь,m
Сафарали,m
Амаля,f
Аскат,m
Джамбул,m
Растям,m
Касым,m
Алима,f
Нуриддин,m
Алие,f
Сиражудин,m
Сажида,f
Кантемир,m
Айгюль,f
Зубаир,m
Акылбек,m
Магамет,m
Муслима,f
Лениза,f
Гузэль,f
Зоран,m
Максимилиан,m
Ламара,f
Темир,m
Равшанбек,m
Илюс,m
Наим,m
Элона,f
Бадрудин,m
Гарифулла,m
Сосланбек,m
Дереник,m
Измаил,m
Мирбек,m
Джемма,f
Шамхал,m
Корней,m
Илес,m
Асатур,m
Эдвин,m
Рипсиме,f
Айкануш,f
Фатыма,f
Алхазур,m
Олена,f
Дьулустан,m
Резван,m
Ануза,f
Загидат,f
Таскира,f
Грета,f
Виорика,f
Арсланбек,m
Хабир,m
Иннеса,f
Бехруз,m
Остап,m
Олим,m
Нигина,u
Абдулкадир,m
Сапият,f
Майрам,m
Резо,m
Паруйр,m
Ильяз,m
Расиля,f
Хикмет,m
Рафида,f
Исай,m
Степа,m
Алимжан,m
Сероб,m
Салимат,f
Жамиль,m
Леча,m
Умиджон,m
Мурод,m
Эхтибар,m
Абдулло,m
Дзерасса,f
Эля,m
Ростом,m
Ралия,f
Хайрулла,m
Сетрак,m
Сацита,f
Малхази,m
Рабига,f
Асад,m
Накия,f
Аюп,m
Сун,u
Курбанали,m
Шахноза,f
Зохраб,m
Ильнара,f
Юлдуз,m
Сурхай,m
Магомед-Башир,u
Драган,m
Алексадр,m
Арсланали,m
Таалайбек,m
Васса,f
Илхомжон,m
Фаниса,f
Чеслав,m
Джульета,f
Заудин,m
Хабибулла,m
Морис,m
Умалат,m
Ашура,f
Мажит,m
Фариза,f
Резуан,m
Фидаил,m
Абрек,m
Мехди,m
Калерия,f
Сулиман,m
Финат,m
Сэсэг,f
Ильмар,m
Дагир,m
Запир,m
Просковья,f
Саяр,m
Айгул,f
Айваз,m
Евграф,m
Дживан,m
Абидат,u
Аллахверди,m
Ганна,f
Рамази,m
Кямиль,m
Ариан,m
Джабир,m
Гаррий,m
Сердар,m
Ширвани,m
Исмет,m
Ниязи,m
Виорел,m
Гаяр,m
Гамир,m
Закарья,m
Русланбек,m
Гиа,m
Муминат,f
Салихат,f
Абдулбасир,m
Радимхан,f
Улан,m
Дахир,m
Болеслав,m
Зейнаб,f
Закария,m
Магомедшапи,m
Дилмурод,m
Акмалжон,m
Дорджи,m
Рэм,m
Абдулхамид,m
Мехак,m
Уллубий,m
Мзия,f
Абдулхалик,m
Бакир,m
Салтанат,f
Андреа,m
Долаана,f
Аджам,m
Вацлав,m
Шаиг,m
Навруз,m
Мкртыч,m
Габиб,m
Нурият,f
Сакит,m
Музафар,m
Джангар,m
Абдулмуслим,m
Емельян,m
Алибег,m
Умеджон,m
Ивета,f
Стэлла,f
Харон,m
Илия,f
Фидарис,m
Гульсира,f
Расимя,f
Бари,m
Зарифа,f
Орудж,m
Зита,f
Фанус,m
Галима,f
Кубанычбек,m
Фанзиля,f
Искендер,m
Аман,m
Ахмедхан,m
Азрет-Али,m
Фазыл,m
Вели,m
Бела,f
Отто,m
Умид,m
Лэй,u
Гульсиня,f
Витольд,m
Шохрух,m
Анюта,f
Диловар,m
Жаргалма,f
Ислом,m
Асадула,m
Фануз,m
Артурас,m
Рания,f
Риваль,m
Стас,m
Фирдовси,m
Багдасар,m
Шаварш,m
Теодор,m
Абдулатип,m
Боpис,m
Мишель,m
Садиг,m
Элман,m
Юй,u
Мариан,m
Фарис,m
Владмир,m
Андрейс,m
Манучехр,m
Саят,m
Стефания,f
Офелия,f
Кенан,m
Решат,m
Бениамин,m
Эрдэни,m
Хасен,m
Мохаммед,m
Фекла,f
Маржан,f
Асланби,m
Тадеуш,m
Гуля,f
Разалия,f
Сократ,m
Вилаят,m
Фатых,m
Ясин,m
Камалудин,m
Азмет,m
Мунавир,m
Абдулхак,m
Эвальд,m
Серге,m
Касум,m
Ильфак,m
Аминет,f
Пятимат,f
Сайд-Магомед,m
Айтен,m
Алдынай,f
Катарина,f
Шахлар,m
Эмине,f
Загид,m
Асадулла,m
Сандра,f
Зулай,f
Марин,m
Нюргун,m
Гульчира,f
Гамиль,m
Рахат,f
Эмил,m
Атом,m
Аргам,m
Абдулвагаб,m
Эльфия,f
Рафат,m
Адилет,m
Магомеднаби,m
Дибир,m
Кабир,m
Айдыс,m
Сильвия,f
Баира,f
Лусинэ,f
Даврон,m
Асма,f
Габриэль,m
Ралина,f
Айаал,m
Hаталья,f
Хусниддин,m
Сахават,m
Джума,m
Хазби,m
Арташ,m
Мэри,f
Соелма,f
Лейли,f
Каныбек,m
Туйара,f
Айнагуль,f
Агиль,m
Канан,m
Факия,f
Шапи,m
Чечек,f
Эрес,m
Артыш,m
Инвер,m
Медея,f
Гай,m
Габриел,m
Лела,f
Михаэль,m
Билял,m
Амид,m
Дени,m
Нагима,f
Айрапет,m
Васима,f
Мина,m
Минь,u
Омак,m
Гюзелия,f
Томара,f
Гузал,m
Немат,m
Аскерби,m
Мин,m
Валери,m
Султанбек,m
Фаниля,f
Назик,f
Сиражутдин,m
Горан,m
Зия,m
Хайрулло,m
Гиляна,f
Рустамбек,m
Карима,f
Агзам,m
Асланбий,m
Сирин,m
Элен,f
Зайнулла,m
Омер,m
Джахонгир,m
Хамидулла,m
Валида,f
Алфия,f
Дато,m
Ирбек,m
Лусик,f
Мартун,m
Ширван,m
Мадлена,f
Садык,m
Рафиля,f
Баясхалан,m
Марият,f
Халиса,f
Равкат,m
Ремзи,m
Виола,f
Лика,f
Гюнай,f
Кахрамон,m
Иброхим,m
Мариэтта,f
Дилором,f
Тажудин,m
Сабира,f
Бронислава,f
Васим,m
Зилия,f
Накип,m
Дмирий,m
Иpина,f
Василе,u
Икром,m
Эраст,m
Исмоил,m
Батырбек,m
Феодосия,f
Абдулмеджид,m
Тимерхан,m
Урузмаг,m
Джемали,m
Фаиля,f
Басир,m
Радима,f
Аделаида,f
Ягуб,m
Курбонали,m
Юрие,m
Розалина,f
Альфрид,m
Муратбек,m
Гульдар,f
Хаути,m
Абдулнасир,m
Фазлиддин,m
Элшан,m
Хусайн,m
Ленура,f
Рахиб,m
Джамалдин,m
Замирбек,m
Сафарби,m
Нилуфар,f
Баян,m
Даян,m
Ришад,m
Уктам,m
Сергеи,m
Агата,f
Лёва,m
Комил,m
Анур,m
Элхан,m
Магомед-Расул,m
Зайнудин,m
Супьян,m
Нелла,f
Каюм,m
Хюсейин,m
Гариб,m
Офеля,f
Серёжа,m
Салам,m
Нурзия,f
Маргарит,f
Амиль,m
Фидалия,f
Басанг,m
Мехрибан,f
Акакий,m
Август,m
Туяра,f
Рано,f
Аваз,m
Ахмаджон,m
Тарана,f
Фарук,m
Альфис,m
Галя,f
Гулчехра,f
Ростам,m
Ромео,m
Омарасхаб,m
Зулихан,f
Масгут,m
Райфа,f
Фирудин,m
Эммануил,m
Аскарбий,m
Сергейс,m
Нельсон,m
Тимерлан,m
Дулма,f
Надим,m
Заруи,f
Эрмине,f
Хаял,m
Габиль,m
Нуриман,m
Батр,m
Минзаля,f
Курбанмагомед,m
Геральд,m
Мариета,u
Богдана,f
Шарифулла,m
Нели,f
Батрадз,m
Александру,u
Ина,f
Райся,f
Сарибек,m
Рамзиля,f
Абдурасул,m
Анри,m
Хакан,m
Галинур,m
Фарзана,f
Айдемир,m
Гелани,m
Евсей,m
Умахан,m
Павла,f
Гелий,m
Фрол,m
Илкин,m
Рамзис,m
Тулеген,m
Харун,m
Хамида,f
Марио,u
Шахид,m
Варсеник,f
Авак,m
Рафина,f
Жамшид,m
Даулет,m
Гаджияв,m
Ихтиёр,m
Цолак,m
Люда,f
Махмуджон,m
Олимжон,m
Алимхан,m
Айсулу,f
Хадишат,f
Мелкон,m
Модест,m
Нургаян,m
Карп,m
Хабас,m
Барасби,m
Мухаббат,f
Дониёр,m
Разифа,f
Амет,m
Фирюза,f
Умида,f
Рабият,f
Сагид,m
Милауша,f
Звиади,m
Гульзада,f
Донатас,m
Умед,m
Болот,m
Илгизар,m
Унан,m
Гадир,m
Ган,m
Халед,m
Маджид,m
Адик,m
Лукман,m
Рем,m
Шарапудин,m
Нодирбек,m
Наргис,f
Нурланбек,m
Гази,m
Азретали,m
Марика,f
Собир,m
Валико,m
Рахмат,m
Юнна,f
Телман,m
Раду,m
Рахматулла,m
Гертруда,f
Лилиан,f
Асхабали,m
Демис,m
Абдурагим,m
Люзия,f
Элита,f
Анися,f
Гейдар,m
Георге,m
Ашраф,m
Дилноза,f
Кудрат,m
Талип,m
Фидрат,m
Армаис,m
Одил,m
Мадин,m
Канатбек,m
Алимбек,m
Алижон,m
Рушана,f
Венедикт,m
Коля,m
Ананий,m
Гюнель,f
Тариэл,m
Румиль,m
Бакыт,m
Абукар,m
Галимьян,m
Ромуальд,m
Абдулхай,m
Абдулхаким,m
Алиджон,m
Берик,m
Сирожиддин,m
Кеворк,m
Бекир,m
Загра,f
Тинатин,f
Саламу,m
Лалита,f
Фарух,m
Гаспар,m
Абдуразак,m
Фярид,m
Рза,m
Габдрашит,m
Айлана,f
Джамил,m
Дианна,f
Мариетта,f
Тансылу,f
Таулан,m
Самигулла,m
Нусрет,m
Джошгун,m
Мариян,m
Тогрул,u
Хамидби,m
Курейш,m
Рафия,f
Фагиля,f
Серегй,m
Нурсултан,m
Айгюн,f
Сафа,m
Назым,m
Каджик,m
Ромас,m
Русудан,f
Насрулла,m
Сония,f
Саглара,f
Зубер,m
Мовлади,m
Антанас,m
Флюс,m
Александрина,f
Рахматулло,m
Доржо,m
Авенир,m
Вакил,m
Мулланур,m
Флун,m
Ахсар,m
Рауфа,f
Альфиза,f
Рамила,f
Фэн,m
Ильсеяр,f
Джахангир,m
Туйаара,f
Висхан,m
Жамал,m
Реваль,m
Рафгат,m
Аржаана,f
Элена,f
Файзулла,m
Аклима,f
Насими,m
Гульжан,f
Файруз,m
Зенфира,f
Джумбер,m
Игорс,m
Анвяр,m
Имам,m
Назифа,f
Гера,f
Аржан,m
Карло,m
Баяр,m
Ряшид,m
Серегей,m
Ахтам,m
Мардан,m
Заурбий,m
Рома,f
Шалико,m
Цыцыгма,f
Минигуль,f
Ямиль,m
Ербол,m
Викторина,f
Фаннур,m
Фардана,f
Галей,m
Заррина,f
Рами,u
Бекзод,m
Камалдин,m
Темирхан,m
Сайпудин,m
Хызыр,m
Манзура,f
Сайгид,m
Алил,m
Сардор,m
Ренад,m
Ханифа,f
Рагиб,m
Шарапутдин,m
Фидус,m
Айза,f
Омаргаджи,m
Ражап,m
Саяд,m
Алескер,m
Сабрина,f
Манолис,m
Бахман,m
Мушвиг,m
Вано,m
Нафися,f
Анварбек,m
Усик,m
Вагид,m
Тоита,f
Флорит,m
Зайнутдин,m
Тао,u
Генри,m
Владас,m
Ринчин,m
Николь,f
Хатира,f
Хажмурат,m
Рустамжон,m
Галий,m
Аскербий,m
Ряшидя,f
Юлдаш,m
Сайхан,m
Гайнулла,m
Магомедхан,m
Хасян,m
Филип,m
Альгис,m
Нани,f
Нила,m
Роберто,m
Алексндр,m
Фаризат,f
Ригина,f
Афина,f
Харлампий,m
Куаныш,m
Архип,m
Гельфия,f
Джамшид,m
Елгуджа,m
Беник,m
Магомедарип,m
Лери,m
Майсара,f
Ридван,m
Гузял,f
Натали,f
Штефан,m
Амерхан,m
Нодира,f
Милош,m
Умяр,m
Айхан,m
Ншан,m
Лабазан,m
Фагима,f
Мачраил,m
Егана,f
Хабибула,m
Адхам,m
Владилена,f
Зейнал,m
Яхия,m
Терентий,m
Заман,m
Тхань,u
Рината,f
Роланди,m
Ньургун,m
Зияд,m
Низам,m
Багир,m
Альгирдас,m
Мират,m
Джузеппе,m
Алекандр,m
Мураз,m
Дэвид,u
Анваржон,m
Мухиддин,m
Тамилла,f
Ая,f
Алтай,m
Юнис,m
Сапар,m
Бибигуль,f
Януш,m
Саварбек,m
Афлатун,m
Камалутдин,m
Рафхат,m
Ахсан,m
Генриэтта,f
Алексанр,m
Дмитирий,m
Гулмира,f
Мелания,f
Осип,m
Марал,f
Сурия,f
Хазретали,m
Мавлида,f
Марья,m
Хусан,m
Мажид,m
Халидя,f
Магарам,m
Ниль,m
Харитон,m
Риназ,m
Салаудин,m
Гарольд,m
Азгар,m
Слободан,m
Усеин,m
Бахриддин,m
Вафа,m
Фатимет,f
Абдулмалик,m
Наила,f
Донара,f
Жавдат,m
Турпал-Али,m
Табрис,m
Федосия,f
Фадбир,m
Еркиндждон,m
Ориф,m
Аббяс,m
Ахметхан,m
Даур,m
Хабибулло,m
Цзин,u
Мирали,m
Иоаннис,m
Эрих,m
Татаьяна,f
Рабазан,m
Алисултан,m
Лачин,m
Яхита,f
Сулико,f
Ботир,m
Санжарбек,m
Света,f
Фарходжон,m
Звиад,m
Ерем,m
Юнона,f
Инзиля,f
Ваня,m
Адалет,m
Махаббат,m
Фридон,m
Даяна,f
Альфит,m
Сайдаш,m
Йозеф,m
Наимджон,m
Амил,m
Майсарат,f
Иоанн,m
Джамила,f
Самер,u
Маркс,m
Ания,f
Амазасп,m
Бетал,m
Лара,f
Гульниса,f
Церен,m
Бруно,m
Кадим,m
Ваче,u
Валериян,m
Сайфулла,m
Рахимжан,m
Илнар,m
Идея,f
Рибхат,m
Элвин,m
Сарван,m
Сабиржан,m
Файзулло,m
Абдулмажид,m
Толиб,m
Гульназира,f
Нафисет,f
Алберт,m
Раисия,f
Фаима,f
Мавлюда,f
Джаудат,m
Аскольд,m
Курамагомед,m
Хяди,f
Влад,m
Израил,m
Сафиулла,m
Хикмат,m
Сами,m
Комилджон,m
Узеир,m
Игор,m
Фларис,m
Ирэн,f
Минулла,m
Азнив,m
Павлик,m
Эмзар,m
Гюзяль,f
Раъно,f
Габдулхай,m
Сандро,m
Гюндуз,m
Райнур,m
Рифать,m
Андре,m
Агриппина,f
Цзе,u
Мариф,m
Амирбек,m
Паргев,m
Алекбер,m
Марек,m
Титал,m
Рамзи,m
Муршида,f
Шолпан,f
Хан,m
Комилжон,m
Нуржамал,f
Матевос,m
Алевтин,m
Аллан,m
Захарий,m
Дмитри,m
Кестутис,m
Алескандр,m
Шохрат,m
Абдусамад,m
Санджи,m
Курман,m
Зиннат,m
Абдулкарим,m
Мухаммаджон,m
Эльнура,f
Масуд,m
Анджелика,f
Тамир,m
Сирень,m
Маил,m
Израиль,m
Сидрат,f
Вазих,m
Жабраил,m
Масхуд,m
Метин,m
Мухажир,m
Вилли,m
Февзи,m
Рузан,m
Родика,f
Саадат,f
Явер,m
Нусрат,m
Маруся,f
Мухаммат,m
Жасурбек,m
Хания,f
Хаяла,f
Сероп,m
Нургазы,m
Махмадали,m
Нанули,f
Алефтин,m
Виталие,m
Камета,f
Зубайда,f
Илина,m
Нагашбай,m
Ана,f
Садриддин,m
Алхас,m
Умукусум,f
Муртузали,m
Альберто,u
Маиса,f
Табриз,m
Фларид,m
Арминэ,f
Омурбек,m
Идель,m
Темурбек,m
Михал,m
Карам,m
Адгам,m
Алексендр,m
Томаш,m
Миниахмет,m
Вдадимир,m
Джулета,f
Аваг,m
Нахид,m
Зарипат,f
Айзанат,f
Мичил,m
Дилафруз,f
Эка,f
Аминя,f
Николоз,m
Русалина,f
Назгул,f
Хадича,f
Цовинар,f
Рубина,f
Шамсутдин,m
Дженнет,f
Камолиддин,m
Тотраз,m
Барис,m
Аксан,m
Майра,f
Анзаур,m
Адис,m
Габибулла,m
Маариф,m
Миран,m
Аглям,m
Вечеслав,m
Миннур,m
Абубакир,m
Гаян,m
Дамдин,m
Сарра,f
Сылдыс,m
Гирихан,m
Любава,f
Гилани,m
Сахил,m
Аубекир,m
Вусала,f
Жасур,m
Микаэль,m
Фларида,f
Хонгор,m
Астгик,f
Дилбар,m
Зарган,f
Сулумбек,m
Оля,f
Тимерьян,m
Люсьена,f
Казимагомед,m
Лео,m
Магомедшарип,m
Валадимир,m
Шираз,m
Ахрор,m
Раиза,f
Туран,u
Алтын,m
Айс,m
Дмитрийс,m
Нинэль,f
Линь,u
Ксенья,f
Ханпаша,m
Максатбек,m
Бальжинима,m
Бюлент,m
Темирбек,m
Энгель,m
Закий,m
Фаим,m
Устинья,f
Фан,m
Хайдяр,m
Жумагул,m
Эдмон,m
Феруз,m
Липарит,m
Кярам,m
Раниль,m
Бежан,m
Меланя,f
Ахад,m
Хай,m
Милада,f
Евстафий,m
Аполлон,m
Фадис,m
Магомедамин,m
Атлас,m
Валенитина,f
Гукас,m
Айсель,f
Сусан,f
Нато,f
Заирбек,m
Энрико,m
Аракел,m
Сирина,f
Эдмонд,m
Флида,f
Яраги,m
Разет,f
Баязит,m
Камол,m
Ефросиния,f
Насих,m
Бесики,m
Амгалан,m
Рафек,m
Ионас,m
Нгок,u
Асиет,f
Серж,m
Ревази,m
Нодир,m
Фахри,m
Эхтирам,m
Абдукарим,m
Шахбоз,m
Ханум,f
Лиджи,m
Халис,m
Хусеин,m
Салах,m
Севастьян,m
Салия,f
Эдгард,m
Шагит,m
Багавдин,m
Эдмунд,m
Манефа,f
Минкаил,m
Долгор,f
Таира,f
Сагида,f
Милитина,f
Адрей,m
Ага,m
Вахтанги,m
Чынгыз,m
Нажмутдин,m
Мухарбий,m
Файзрахман,m
Фанит,m
Разяп,m
Арно,m
Габбас,m
Римантас,m
Ульвия,f
Дугар,m
Леонида,f
Алмагуль,f
Забит,m
Хайям,m
Кай,m
Серкан,m
Зинфир,m
Адип,m
Алимпиада,f
Тагзима,f
Алесей,m
Фидания,f
Джафер,m
Мээрим,f
Нвард,f
Асхад,m
Айнди,m
Авазбек,m
Мухамад,m
Одилжон,m
Элнур,m
Рамина,f
Агафия,f
Аманжол,m
Гульфина,f
Пулат,m
Хатимат,f
Жыргалбек,m
Мелине,f
Ягфар,m
Милеуша,f
Вазых,m
Ильгис,m
Раим,m
Хуссейн,u
Сардорбек,m
Сиявуш,m
Бадрутдин,m
Убайдулло,m
Рузия,f
Аполлинария,f
Севада,m
Насрула,m
Тадевос,m
Гузялия,f
Ахлиддин,m
Муртуз,m
Имад,u
Ляйсян,f
Настасья,f
Думитру,m
Зайнди,m
Шафкат,m
Элисо,f
Надира,f
Кахраман,m
Мавлит,m
Сазида,f
Абульфат,m
Гоги,m
Вил,m
Рахимзян,m
Мечислав,m
Нурзида,f
Ш.,m
Габдулахат,m
Алксандр,m
Ахтем,m
Шогик,f
Аракся,f
Серажутдин,m
Магомедзагид,m
Варлам,m
Махабат,m
Женишбек,m
Исмагиль,m
Рафига,f
Ибрагимхалил,m
Фазаил,m
Нурудин,m
Асфар,m
Хуршид,m
Лиа,f
Левик,m
Ихтияр,m
Айдин,m
Амантай,m
Жаслан,m
Рамзил,m
Азизжон,m
Магомедкамил,m
Багавудин,m
Индус,m
Барый,m
Hадежда,f
Меланья,f
Хушбахт,m
Витали,m
Халиг,u
Сабирьян,m
Бахтовар,m
Гадель,m
Тагуи,f
Абдували,u
Логман,m
Севара,f
Хасанбий,m
Лорета,f
Мотрена,f
Имамутдин,m
Каусария,f
Айгиз,m
Манас,m
Гариф,m
Нейля,f
Абдрахман,m
Гигла,m
Шенне,f
Сайдали,m
Анисат,f
Раджив,u
Мавжуда,f
Бахромжон,m
Чимит,m
Цаган,f
Маджит,m
Вераника,f
Джангир,m
Армик,m
Даниель,m
Герольд,m
Эфенди,m
Тауфик,m
Салихзян,m
Мухмад,m
Вилия,f
Фирдания,f
Саулюс,m
Науруз,m
Горхмаз,m
Райсат,f
Кади,m
Вика,f
Ахлиман,m
Мадона,f
Гошгар,m
Эльсевар,m
Самандар,m
Гелия,f
Махбуба,f
Веста,f
Вилорий,m
Нарина,f
Врам,m
Панах,m
Куанг,u
Ильгизяр,m
Франческо,m
Инеса,f
Разил,m
Хамдия,f
Поликарп,m
Милявша,f
Сабри,m
Сагидулла,m
Владимирс,m
Замиль,m
Улукбек,m
Маня,f
Муртаза,m
Гудрат,m
Уран,f
Яша,m
Нунэ,f
Владимер,m
Данара,f
Аннета,f
Агасин,m
Айзан,f
Энгельсина,f
Иляс,m
Мака,f
Душан,m
Торнике,m
Мануэль,m
Ринас,m
Растам,m
Алексейс,m
Мраз,m
Хикматулло,m
Нара,f
Маликат,f
Кямран,m
Разима,f
Ширзад,m
Даурен,m
Мавлет,m
Айтан,f
Янек,m
Нур-Магомед,m
Гюльназ,f
Патрик,m
Азар,m
Ракия,f
Зуфяр,m
Кадырбек,m
Линур,m
Пантелеймон,m
Нукри,m
Власта,f
Эли,f
Жумабай,m
Шахрудин,m
Хасанбек,m
Чан,m
Акаки,m
Мурадхан,m
Жаныбек,m
Дареджан,f
Адальби,m
Магомет-Башир,m
Джурабек,m
Эра,f
Мухаммадали,m
Мурсал,m
Ованнес,m
Гергий,m
Ербулат,m
Нафсет,f
Аброр,m
Саттар,m
Сафура,f
Нармина,f
Арастун,m
Сайпула,m
Физалия,f
Малкан,f
Баудин,m
Хусин,m
Кюри,m
Жылдыз,f
Дильшод,m
Элшад,m
Бахадир,m
Нима,m
Атабек,m
Ильхом,m
Хасанбой,m
Занфира,f
Пелогея,f
Набигула,m
Мир,m
Мен,u
Суан,u
Дондок,m
Салимжан,m
Дурсун,m
Юзеф,m
Аурелия,f
Бексултан,m
Алиме,f
Азарий,m
Кумсият,f
Жанар,u
Икромжон,m
Хабил,m
Марчел,m
Саидат,f
Насрудин,m
Рюрик,m
Хатима,f
Гулзат,f
Ибраим,m
Шахмар,m
Белек,m
Дагмара,f
Руза,f
Еркин,m
Гани,m
Дали,f
Люаза,f
Дарига,f
Бехзод,m
Ладо,m
Вануш,m
Николас,m
Ашат,m
Фанир,m
Ростям,m
Мирхат,m
Шончалай,f
Дарюс,u
Саодат,f
Абдулах,m
Сайгибат,f
Кармен,m
Ларина,f
Шоира,f
Зокир,m
Парвана,f
Дашгын,m
Дильшат,m
Замин,m
Алма,f
Джулия,f
Магира,f
Расил,m
Элионора,f
Арип,m
Саадула,m
Леопольд,m
Гинтарас,m
Витас,m
Миля,f
Салимьян,m
Чейнеш,f
Айланмаа,f
Каральби,m
Сегей,m
Hина,f
Элмурод,m
Райганат,f
Акрамжон,m
Астан,m
Абгар,m
Умарбек,m
Дилшода,f
Афтандил,m
Иларион,m
Гапур,m
Нух,m
Тархан,m
Махсуд,m
Алесь,m
Гэрэлма,f
Деян,u
Николае,m
Адалят,m
Сайма,f
Джордж,m
Завдат,m
Разит,m
Назиб,m
Энгельс,m
Евстолия,f
Гиса,m
Ханяфи,m
Алессандро,u
Питер,m
Нургуль,f
Шахло,f
Тажутдин,m
Ала,f
Людвик,m
Юсуфджон,m
Шухратжон,m
Марик,m
Княз,m
Эрадж,m
Арстан,m
Вруйр,m
Мари,m
Дементий,m
Айжамал,f
Исроил,m
Чынара,f
Дык,u
Гульжанат,f
Дзамболат,m
Раймонд,m
Гамза,m
Амыр,m
Елизовета,f
Ромазан,m
Нурутдин,m
Зинира,f
Фина,f
Зария,f
Хасмагомед,m
Маулитьян,m
Алимаа,f
Аждар,m
Заграт,f
Вардитер,f
Лайсан,f
Ширак,m
Эльмаз,f
Артюш,m
Элизбар,m
Шамсият,f
Рувим,m
Натэла,f
Махти,m
Ильзира,f
Рагиф,m
Изатулло,m
Оваким,m
Айал,m
Шарифа,f
Аминджон,m
Раджабали,m
Зарият,f
Гафар,m
Стёпа,m
Абраам,m
Ломали,m
Сегрей,m
Мубарак,m
Фахрад,m
Зулайха,f
Роин,m
Алита,m
Юри,m
Бэликто,m
Нестор,m
Таги,m
Анисим,m
Экрем,m
Марзият,f
Шушан,f
Ильфира,f
Аловсат,m
Стасис,m
Агабек,m
Рахимьян,m
Кафия,f
Дадаш,m
Адилбек,m
Альтаф,m
Хосров,m
Мухсин,m
Лима,f
Рабис,m
Эмзари,m
Джан,m
Гашим,m
Забира,f
Пауль,m
Петp,m
Абдусалом,m
Зарине,f
Аурел,m
Рамзес,m
Фердинант,m
Алекпер,m
Мирко,m
Сайфулло,m
Ситора,f
Шахла,f
Гайфулла,m
Ардаш,m
Грануш,f
Натия,f
Бакур,u
Чинара,f
Бактыгул,f
Давлет,m
Насер,u
Камандар,m
Гульсия,f
Гедиминас,m
Эмина,f
Матанат,u
Сухраб,m
Гульчехра,f
Енок,m
Цин,u
Ялчын,m
Жираслан,m
Филарит,m
Феодор,m
Гизар,m
Гари,m
Бувайсар,m
Раниф,m
Славий,m
Равида,f
Валит,m
Менги,m
Райнер,m
Гарма,m
Ракип,m
Батырхан,m
Николайс,m
Самад,m
Алияр,m
Айзада,f
Хасбулат,m
Афиг,m
Базарбай,m
Таня,f
Маркус,m
Фамиль,m
Дамба,m
Шукур,m
Набиулла,m
Разиет,f
Абумуслим,m
Романи,m
Светозар,m
Бибинур,f
Хазраил,m
Игбал,m
Гульсария,f
Хади,m
Магомедзапир,m
Тристан,m
Ханафи,m
Айлан,f
Чойганмаа,f
Чаян,m
Ахъед,m
Туган,m
Дамиря,f
Аслиддин,m
Эрнес,m
Илхомджон,m
Хаим,m
Алимагомед,m
Парвин,m
Сумбат,m
Исмат,m
Султон,m
Мирзо,m
Сафуан,m
Бата,m
Гилян,f
Аня,f
Угур,m
Рифнур,m
Инэсса,f
Хизар,m
Сакен,m
Саидбек,m
Калимулла,m
Минсылу,f
Сансызбай,m
Дамирбек,m
Наджаф,m
Делюс,m
Наиб,m
Хамед,m
Назиба,f
Мара,m
Патина,f
Сафарбий,m
Георгиос,m
Чинчи,f
Асват,m
Маpина,f
Роял,m
Барно,f
Дионисий,m
Октавиан,m
Альма,f
Шахмурад,m
Гюльнар,f
Мумин,m
Анна-Мария,f
Манаф,m
Макич,m
Вааг,m
Темурлан,m
Розия,f
Эрмек,m
Фатма,f
Муъминат,f
Хусрав,u
Гулам,m
Ерболат,m
Сеник,m
Абдулманап,m
Флер,m
Диас,m
Рузель,m
Нажип,m
Алеша,m
Куок,u
Джасур,m
Жаудат,m
Эдгарс,m
Загидулла,m
Альфида,f
Ибодулло,m
Гюлнара,f
Сюзана,f
Рейхан,u
Джанбулат,m
Пайлак,m
Расых,m
Сайёра,f
Аниуар,m
Ление,f
Ясон,m
Люсия,f
Цыцык,f
Армида,f
Решит,m
Шорена,f
Левани,m
Анзори,m
Ибадулла,m
Генади,m
Мустапа,m
Домна,f
Рафиса,f
Назгуль,f
Зауреш,f
Катя,f
Элмар,m
Насибулла,m
Рональд,m
Марсиль,m
Икмет,m
Гитиномагомед,m
Тохиржон,m
Магомед-Салах,m
Хайрула,m
Саттор,m
Дженгиз,m
Габдулхак,m
Сеогей,m
Викторс,m
Халися,f
Цыден,m
Амрах,m
Файзали,m
Хаважи,m
Олимджон,m
Меседо,f
Жана,f
Патвакан,m
Теа,f
Бахадур,m
Заир,m
Батырбий,m
Муродали,m
Умарали,m
Кистаман,f
Даниэл,m
Торгом,m
Загида,f
Джулустан,m
Хидир,m
Каримула,m
Вилдан,m
Адия,f
Валей,m
Сулхиддин,m
Хаишат,f
Джованни,m
Жафяр,m
Джаватхан,m
Равель,m
Зайдулла,m
Фанави,m
Боян,m
Нияра,f
Давронбек,m
Абел,m
Илюса,f
Демури,m
Марям,f
Элданиз,m
Айназ,f
Халик,m
Олия,f
Софико,f
Лучия,f
Гахраман,m
Клавдий,m
Талиб,m
Сурхо,m
Ханда,f
Ермак,m
Каирбек,m
Айтуган,m
Иннесса,f
Санат,m
Джанибек,m
Нестер,m
Гасангусейн,m
Нигяр,f
Гульсима,f
Абдулбари,m
Денислам,m
Зинатулла,m
Вячаслав,m
Мнир,m
Нионила,f
Раят,m
Ульви,m
Саро,m
Рафиз,m
Абдулжалил,m
Идаят,m
Синан,m
Фирдавес,m
Дилдора,f
Довлет,m
Ранас,m
Гаря,m
Айшет,f
Феодосий,m
Сулим,m
Муталиб,m
Жалил,m
Татевос,m
Мясник,m
Нюргустана,f
Маргар,m
Тимербулат,m
Сафарбек,m
Валдис,m
Зокиржон,m
Исламбек,m
Мэлс,m
Ювеналий,m
Дарвин,m
Магомедэмин,m
Курбангаджи,m
Бактыгуль,f
Илюся,f
Турпал,m
Ларион,m
Фирдинат,m
Гульфания,f
Арунас,m
Тимергали,m
Альберд,m
Абубекир,m
Кристофер,m
Андрес,m
Леокадия,f
Нурмухамет,m
Анрей,m
Вакиля,f
Гумбат,m
Арвидас,m
Севан,m
Лэйла,f
Давлат,m
Ферид,m
Арамбий,m
Бахтиёржон,m
Дун,u
Журабек,m
Фотий,m
Адем,m
Равхат,m
Годердзи,m
Буянто,m
Гюльага,m
Махмад,m
Надя,f
Хавва,f
Джиргал,f
Аслям,m
Вакиф,m
Газим,m
Камаль,m
Арий,m
Лукерья,f
Клаус,m
Антуан,m
Гулира,f
Нуриет,f
Тамар,f
Уткир,m
Абулмуслим,m
Сулаймон,m
Васила,f
Самид,m
Шамси,m
Гулбахор,f
Мухарам,m
Агоп,m
Алварт,f
Сирена,f
Валия,f
Рахмонали,m
Мирзохид,m
Пахрудин,m
Меседу,f
Зайтун,m
Предраг,m
Абдувохид,m
Магир,m
Емзари,m
Чао,u
Ненад,m
Хамиджон,m
Гаджикурбан,m
Ривкат,m
Нораир,m
Мартын,m
Набиюлла,m
Алибулат,m
Данута,f
Каиржан,m
Бахлул,m
Зиновия,f
Адмир,m
Мугутдин,m
Дон,m
Олга,f
Валя,f
Акбер,m
Циала,f
Сабият,f
Теона,f
Узлипат,f
Патима,f
Арсанали,m
Махарбек,m
Гелюся,f
Рушат,m
Гуландом,f
Саявуш,m
Жамила,f
Тимурлан,m
Адильхан,m
Вардануш,f
Даниэла,f
Ахмадулла,m
Радимир,m
Юна,f
Мадат,m
Бектур,m
Вильсур,m
Марфуга,f
Эргаш,m
Джамаладдин,m
Басан,m
Закира,f
Зумрут,f
Урусхан,m
Зилара,f
Никанор,m
Галихан,m
Гасым,m
Феня,f
Эртине,m
Бальжима,f
Реза,m
Минахмет,m
Файля,f
Анатолии,m
Констанин,m
Рантик,m
Карлыгаш,f
Воскан,m
Дилрабо,f
Мухидин,m
Лаврент,m
Аргишти,m
Теимураз,m
Шахбаз,m
Наркис,m
Эдуарт,m
Шахзод,m
Абдулгалим,m
Рашидя,f
Мовлди,m
Исламутдин,m
Шамо,m
Хасай,m
Хайшат,f
Иззет,m
Бимба,m
Ната,f
Илиза,f
Шамсаддин,m
Бобир,m
Курбанисмаил,m
Жумабек,m
Алымбек,m
Арцруни,m
Фанзил,m
Хоссейн,u
Далхат,m
Капитон,m
Гильман,m
Хасанш,m
Хурмат,m
Базар,m
Хидая,f
Реджеп,m
Фатхельбаян,m
Сан,u
Сабан,m
Даниэлла,f
Шухратбек,m
Исматулло,m
Кароматулло,m
Вагаб,m
Азам,m
Хабиль,m
Эльгюн,m
Шамир,m
Робертас,u
Элдияр,m
Рамия,f
Ясмина,f
Алифтина,f
Кемран,m
Эренцен,m
Фрунзе,m
Сайфиддин,m
Арпеник,f
Нурди,m
Нургул,f
Магомед-Эмин,m
Рамиса,f
Айкуш,f
Динь,u
Зелемхан,m
Магинур,f
Гюльмира,f
Мирзахан,m
Сахаяна,f
Астамур,m
Рене,f
Гига,m
Франк,m
Абдухалим,m
Ильман,m
Салимхан,m
Илназ,m
Густав,m
Костантин,m
Магомед-Али,m
Чойгана,f
Назарий,m
Саид-Ахмед,m
Адиб,m
Минсагит,m
Долорес,m
Саиджон,m
Кыялбек,m
Шамсиддин,m
Минира,f
Самур,m
Баганд,m
Левент,m
Анатолие,m
Шамай,m
Беата,f
Фотима,f
Эмануил,m
Эрлан,m
Валериу,m
Хафиза,f
Зульфа,f
Зурида,f
Зияфат,m
Шумаф,m
Палина,f
Гияс,m
Энзе,f
Агшин,m
Абдужалил,m
Бека,m
Сейфаддин,m
Хыйса,m
Сейфулла,m
Ризуан,m
Шайхулла,m
Камала,u
Филюза,f
Сидор,m
Зумрат,f
Магомедбек,m
Газияв,m
Хажак,m
Макшарип,m
Габибуллах,m
Дилюс,m
Анарбек,m
Люза,f
Ахияр,m
Шахрузат,f
Габдрахман,m
Хаджи,m
Ареват,f
Северьян,m
Севиля,f
Ань,u
Кямал,m
Фаридя,f
Боходир,m
Эльмаддин,m
Аксиния,f
Абдусаттор,m
Валиулла,m
Субхан,m
Мухамат,m
Абубакр,m
Язиля,f
Карлос,m
Фирдауса,f
Акмаль,m
Малахат,f
Саламат,f
Артик,m
Цезарь,m
Бахадыр,m
Захра,f
Том,m
Шура,f
Жаннетта,f
Шихмагомед,m
Сайд-Эми,m
Мамедали,m
Айтек,m
Раид,m
Бахыт,m
Куандык,m
Мемет,m
Сардаана,f
Фиркат,m
Кази,m
Фанзия,f
Марсил,m
Йонас,m
Надер,m
Рива,f
Абабукар,m
Фирас,m
Салавди,m
Алисхан,m
Кярим,m
Раули,m
Садраддин,m
Магомед-Эми,m
Анетта,f
Хусанбой,m
Буба,m
Оливер,m
Татьна,f
Аракси,f
Ашур,m
Анифе,f
Миодраг,m
Князь,m
Магомеднур,m
Аванес,m
Вартуш,f
Согомон,m
Лилианна,f
Сузанна,f
Гулом,m
Назели,f
Алы,m
Кима,f
Эркинбек,m
Баху,f
Замина,u
Эмилбек,m
Агавни,f
Азизага,u
Саидмагомед,m
Ариз,m
Алимурад,m
Мохмад,m
Иллона,f
Вадимир,m
Адиба,f
Чолпон,f
Багомед,m
Гисса,m
Максум,m
Викторас,m
Довран,m
Эсфирь,f
Сен,u
Зумара,f
Адельша,m
Сяит,m
Еремей,m
Матрёна,f
Херел,m
Чойган,f
Дашинима,m
Фира,f
Александровна,f
Иза,f
Амирзян,m
Парвина,f
Медетбек,m
Шокир,m
Амирали,m
Герей,m
Эстер,m
Натаван,f
Джавгарат,f
Салохиддин,m
Абесалом,m
Тая,f
Мунавара,f
Минслу,f
Нурмухамед,m
Ботагоз,f
Газанфар,m
Фарзона,f
Александар,m
Рашидат,f
Мансуржон,m
Алида,f
Медербек,m
Рахиль,f
Саимат,f
Тохтар,m
Велихан,m
Мукимжон,m
Ваан,u
Аухат,m
Ихсан,m
Нуридин,m
Нусратулло,m
Рахимжон,m
Бахши,m
Шакро,m
Апрес,m
Дашима,f
Гюльшан,f
Маруф,m
Рабия,f
Наина,f
Илана,f
Баба,m
Торос,m
Гимбат,m
Авдей,m
Зульмира,f
Ясер,u
Басыр,m
Сюлейман,m
Ильмас,m
Данзан,m
Агрипина,f
Фаварис,m
Галиулла,m
Юрии,m
Адыгжы,m
Антонин,m
Дулмажап,f
Саидахмед,m
Ханс,u
Гаик,m
Ахмеднаби,m
Хирамагомед,m
Юозас,m
Альгимантас,m
Умархон,m
Валентиновна,f
Св,m
Сохраб,m
Тагирзян,m
Бондо,m
Дениз,m
Эльвис,m
Евгенийс,m
Хишам,u
Сармат,m
Майрамбек,m
Шарофиддин,m
Суфьян,m
Арвид,m
Бахридин,m
Гегецик,f
Фейруз,m
Ракиф,m
Гумяр,m
Олесия,f
Эдие,f
Мирзабек,m
Газима,f
Равзанат,f
Асланбег,m
Вова,m
Зейнеп,f
Шавкатжон,m
Миндаугас,m
Фрунзик,m
Джахид,m
Турко,m
Минатулла,m
Эркан,m
Абидин,m
Салауди,m
Сирак,m
Сулайман,m
Михаилс,m
Мурзабек,m
Нурзат,f
Алдын-Кыс,f
Збигнев,m
Ангам,m
Мусавир,m
Адександр,m
Рафинат,m
Мансурджон,m
Шафик,m
Ильвера,f
Талгать,m
Тажидин,m
Фериде,f
Татиана,f
Севдин,m
Валижон,m
Рузалин,m
Дилшодбек,m
Чакар,f
Гельнур,f
Анди,m
Бадруди,m
Айгерим,f
Хасайн,m
Манучар,m
Габит,m
Гульзира,f
Вартануш,f
Гельшат,f
Сафер,m
Адэль,f
Ральф,m
Валихан,m
Виталик,m
Султанахмед,m
Алимахмад,m
Дарьяна,f
Айсулуу,f
Лион,m
Сайда,f
Акай,m
Сайд-Эмин,m
Закар,m
Шавкет,m
Замил,m
Бурхан,m
Видмантас,m
Николаос,m
Муради,m
Андреи,m
Эрес-Оол,m
Пайзула,m
Аюша,m
Мархаба,f
Нико,m
Галиябану,f
Гайша,f
Минияр,m
Магафур,m
Мамаду,m
С.М.,u
Ромен,m
Длявер,m
Ражаб,m
Товмас,m
Насимджон,m
Гулсара,f
Каншоби,m
Сади,m
Ядигар,m
Эллеонора,f
Амира,f
Магдан,m
Демокрит,m
Лирия,f
Байр,m
Зарзанд,m
Шавкатбек,m
Гельсиня,f
Гаяс,m
Рукман,m
Исломжон,m
Саид-Хусейн,m
Румиса,f
Солмаз,f
Висита,m
Лейсян,f
Нисон,m
Лайма,u
Жаннат,f
Бирлант,f
Казар,m
Рунар,m
Фандас,m
Бобомурод,m
Джеймс,m
Радослав,m
Мердан,m
Эрдыни,m
Фарваз,m
Амаль,m
Нуритдин,m
Пшимаф,m
Малена,f
Цзинь,u
Ерухом,m
Зульфар,m
Раджи,m
Венир,m
Хатип,m
Анай-Хаак,f
Мидехат,m
Фахрудин,m
Мингали,m
Олтан,m
Шая,m
Геоpгий,m
Ал-Дp,m
Мерьем,f
Обиджон,m
Мухриддин,m
Шейх,m
Галактион,m
Нагапет,m
Афет,m
Серджиу,m
Махмадшариф,m
Вираб,m
Жазгул,f
Эльмин,m
Назиря,f
Дустмурод,m
Мансурбек,m
Абуязит,m
Эрикназ,f
Ласло,m
Зайнулабид,m
Бенямин,m
Элли,f
Цырен-Ханда,f
Шамсия,f
Лиуан,m
Цындыма,f
Мухаммет,m
Лукьян,m
Галимулла,m
Ханапи,m
Фирдинант,m
Сагадат,m
Раджеш,m
Нурсиля,f
Айварс,m
Алжанат,f
Асватур,m
Амит,m
Джамалай,m
Абид,m
Зияудин,m
Данило,m
Усама,u
Арсэн,m
Рузибой,m
Фидар,m
Евгении,m
Шораан,m
Байбулат,m
Абдул-Хамид,m
Нурислям,m
Садых,m
Абрик,m
Мянсур,m
Рафика,f
Доолотбек,m
Минислам,m
Алекснадр,m
Серей,m
Холбай,m
Арик,m
Фяридя,f
Казым,m
Божена,f
Орифджон,m
Гулизар,f
Исабек,m
Кириак,m
Авраам,m
Ушанги,m
Мавлуда,f
Ямиля,f
Айкарам,m
Джаник,m
Мустафо,m
Саидмурод,m
Гуломжон,m
Епрем,m
Байрамали,m
Илаха,f
Гайратжон,m
Кобилжон,m
Изет,m
Магсуд,m
Хадижа,f
Кондрат,m
Талят,m
Бекбулат,m
Алдона,f
Даир,m
Севинч,f
Аблай,m
Мукаил,m
Болотбек,m
Содном,m
Иоанна,f
Кундуз,m
Джалалудин,m
Вахита,m
Данат,m
Санья,f
Алеко,m
Назима,f
Ряхим,m
Суфиян,m
Роландас,m
Хайбулла,m
Самбу,m
Милорад,m
Егений,m
Валерийс,m
Хаматхан,m
Ишмухамет,m
Джафяр,m
Хаджибикар,m
Борисби,m
Николаевич,m
Викторович,m
Тудор,m
Раджа,m
Лайло,f
Изета,f
Зульфугар,m
Хасин,m
Ирода,f
Нигар,f
Содик,m
Ильза,f
Раксана,f
Кылычбек,m
Гулназ,f
Аина,f
Афиз,m
Ружена,f
Алиф,m
Арстанбек,m
Садик,m
Кероп,m
Пап,m
Назарбек,m
Гулноза,f
Ифтихар,m
Бауыржан,m
Шамиля,f
Амлет,m
Зубайру,m
Абдурауф,m
Гильфан,m
Алиага,m
Муртази,m
Вардкес,m
Яхъя,m
Фаис,m
Валима,f
Имеда,m
Эллона,f
Махди,m
Гаухар,f
Армэн,m
Бахмуд,m
Варткес,m
Петру,m
Ваис,m
Ширхан,m
Магомедсайгид,m
Июлия,f
Аббос,m
Стивен,m
Димитри,m
Тумиша,f
Сайд-Ахмед,m
Сайдулла,m
Адыль,m
Аполинария,f
Мириан,m
Байлак,f
Чечена,f
Павелс,m
Егия,m
Каспар,m
Вазира,f
Комрон,m
Фердаус,m
Нозимжон,m
Борик,m
Гулишат,f
Сиядат,f
Абдулхалим,m
Владимира,f
Салимзян,m
Амар,m
Аслангери,m
Шахрияр,m
Иззатулло,m
Гамаль,u
Михаел,m
Элизабет,f
Озода,f
Лутфулло,m
Гаруш,m
Садагат,f
Зоряна,f
Таибат,f
Редван,m
Айгум,m
Усам,m
Мелис,m
Сироджиддин,m
Майис,m
Илдырым,m
Кавсарат,f
Йусуф,m
Зейтун,m
Мансаф,m
Темерлан,m
Рейн,m
Умият,f
Вард,m
Магомедбашир,m
Фаягуль,f
Висит,m
Залпа,f
Магомедсултан,m
Зияутдин,m
Флит,m
Люцина,f
Абдулгани,m
Эрдал,m
Ферит,m
Максад,m
Гулькай,f
Бауди,m
Наиф,m
Рейнгольд,m
Юрген,m
Ленина,f
Ахмет-Али,m
Ильсояр,f
Рустамджон,m
Лионелла,f
Зубайдат,f
Санвел,m
Рамидин,m
Артурик,m
Тодор,m
Собирджон,m
Альфрет,m
Соник,f
Сангаджи,m
Балдан,m
Айдарбек,m
Нофал,m
Алисия,f
Айдана,f
Славяна,f
Серине,f
Раджана,f
Турсун,m
Аарон,m
Еркен,m
Барат,m
Шериф,m
Сайд-Хусейн,m
Рач,m
Емзар,m
Бахар,f
Маир,m
Вагит,m
Амест,f
Ата,f
Димитр,m
Жанибек,m
Миннулла,m
Урматбек,m
Хусяин,m
Кадыржан,m
Салиха,f
Ергали,m
Талина,f
Тереса,f
Юстина,f
Марван,m
Юнь,u
Шавкят,m
Гульсем,f
Низамудин,m
Аудрюс,m
Ойген,m
Фагит,m
Мастура,f
Растем,m
Фатали,m
Люсена,f
Радина,f
Зохиджон,m
Шарифбек,m
Зафаржон,m
Жаклин,f
Шукрулло,m
Саглар,f
Гаяна,f
Раузалия,f
Вюгар,m
Магда,f
Санджар,m
Зельфия,u
Раман,m
Маквала,f
Зайнула,m
Шароф,m
Бассам,u
Искра,f
Винир,m
Сагындык,m
Тынчтыкбек,m
Багдат,m
Димитър,u
Жанара,f
Иа,f
Виалетта,f
Камбулат,m
Даба,m
Абулфат,m
Растислав,m
Елизар,m
Миннигуль,f
Зубаржат,f
Багама,m
Нармин,f
Алижан,m
Гульзифа,f
Рауиль,m
Халисат,f
Умут,f
Фируддин,m
Арис,m
Евгенья,f
Арамис,m
Аммар,u
Фиргать,m
Джашарбек,m
Валтер,m
Апет,m
Кежик,m
Сайлык,f
Розалин,m
Сяо,u
Аликбер,m
Рево,m
Биликто,m
Хож-Ахмед,m
Клаудио,m
Анатоли,m
Мениря,f
Саипжан,m
Алескей,m
Илонна,f
Махмадулло,m
Зубайдулло,m
Содикжон,m
Фатиме,f
Сарат,m
Егиш,m
Хани,f
Абдурашит,m
Зияддин,m
Абдухамид,m
Беглар,m
Арус,f
Джангр,m
Жания,f
Назила,f
Хушнуд,m
Минара,f
Замиля,f
Зораб,m
Иномжон,m
Христо,m
Гермине,f
Тилек,m
Роальд,m
Никон,m
Селимхан,m
Марьят,f
Альбин,m
Чечен,m
Димитриос,m
Сергеюс,u
Зимфир,m
Зорий,m
Евдоким,m
Садия,f
Рисалат,f
Амангали,m
Орозбек,m
Илмир,m
Абдул-Керим,m
Гульсасак,f
Вачакан,m
Саад,m
Ханна,f
Ивар,m
Рифкать,m
Абульфаз,m
Амер,m
Наги,m
Прокофий,m
Алаш,m
Айдан,m
Халимя,f
Фандус,m
Муся,m
Гасбулла,m
Оюмаа,f
Хажисмел,m
Цыдып,m
Леонардо,m
Намсарай,m
Вольфганг,m
Кшиштоф,m
Маким,m
Ви,m
Лаpиса,f
Сарраф,m
Ибадат,m
Техран,m
Козимжон,m
Гильда,f
Арген,m
Холмурод,m
Дастан,m
Талат,m
Гульбану,f
Ипполит,m
Шахриёр,m
Каир,m
Рахимджон,m
Торник,m
Эльгиз,m
Шамсидин,m
Содикджон,m
Мазгар,m
Сирвард,f
Бекмурат,m
Шарабутдин,m
Алпамыс,m
Джулетта,f
Абдухалил,m
Асеф,u
Абдулвахид,m
Сухробджон,m
Тахира,f
Фахридин,m
Бахытжан,m
Нюргустан,m
Февронья,f
Маулида,f
Аврора,f
Мансура,f
Диомид,m
Мирзамагомед,m
Алмат,m
Фома,m
Августин,m
Ренальд,m
Рямзия,f
Лутфия,f
Григори,m
Махира,f
Ядгар,m
Феодора,f
Зяки,m
Калсын,m
Суламбек,m
Винира,f
Батомунко,m
Самига,f
Маннур,m
Дарико,m
Герхард,m
Ежи,m
Таскиря,f
Магомедмурад,m
Оганез,m
Авет,m
Магди,m
Абуталиб,m
Аскерхан,m
Диня,f
Даша,m
Дин,m
Рахимджан,m
Майа,f
Мастон,m
Айдаш,f
Мартина,f
Рачья,m
Лин,m
Рафид,m
Цырендоржи,m
Ягафар,m
Эркемен,m
Сабирзян,m
Жафярь,m
Эрий,m
